{
    "input_size": 130,
    "hidden_size": 256,
    "num_lstmlayers": 3,
    "output_size": 13,
    "learning_rate": 0.0001,
    "train_time_seconds": 67344.88825798035,
    "best_val_loss": 8.637303685023044e-05,
    "date_time": "2026-06-26 09:33:26",
    "epocs": 200,
    "gpu_name": "NVIDIA H200 NVL",
    "train_split_percentage": 0.8,
    "num_train_samples": 1876032
}