{
    "input_size": 250,
    "hidden_size": 256,
    "num_lstmlayers": 3,
    "output_size": 25,
    "learning_rate": 0.0001,
    "train_time_seconds": 69769.01770758629,
    "best_val_loss": 0.00865493023899157,
    "date_time": "2026-06-19 07:52:57",
    "epocs": 500,
    "gpu_name": "NVIDIA H200 NVL",
    "train_split_percentage": 0.8,
    "num_train_samples": 974592
}