{
    "input_size": 250,
    "hidden_size": 256,
    "num_lstmlayers": 3,
    "output_size": 25,
    "learning_rate": 0.0001,
    "train_time_seconds": 60131.54325509071,
    "best_val_loss": 0.0070718288580112225,
    "date_time": "2026-06-23 05:00:00",
    "epocs": 200,
    "gpu_name": "NVIDIA H200 NVL",
    "train_split_percentage": 0.8,
    "num_train_samples": 974592
}