{
    "model_type": "Easy Attention Transformer",
    "input_dim": 5,
    "seq_len": 2092,
    "pred_len": 50,
    "d_model": 128,
    "num_heads": 8,
    "learning_rate": "0.001 (Va decreciendo)",
    "epochs_planned": 500,
    "peso_gradiente": 0.1,
    "dropout_rate": 0.2,
    "num_layers": 2,
    "best_val_loss": 0.14113281168773237,
    "salto_ventana_deslizante": 50,
    "train_time_seconds": 53119.286014556885,
    "train_time_minutes": 885.321433575948,
    "date_time": "2026-06-12 02:48:10",
    "num_train_samples": 543744,
    "num_val_samples": 135936,
    "gpu_name": "NVIDIA H200 NVL",
    "norm_stats": {
        "media": -0.0005380678339861333,
        "std": 0.24009037017822266
    }
}