{
    "model_type": "Easy Attention Transformer",
    "input_dim": 1,
    "seq_len": 500,
    "pred_len": 50,
    "d_model": 64,
    "num_heads": 4,
    "learning_rate": 0.001,
    "epochs_planned": 300,
    "best_val_loss": 0.21957124777966075,
    "train_time_seconds": 4411.377256631851,
    "train_time_minutes": 73.52295427719751,
    "date_time": "2026-05-13 14:10:38",
    "linea_idy": 2,
    "num_train_samples": 46080,
    "num_val_samples": 11520,
    "gpu_name": "NVIDIA GeForce GTX 1650 with Max-Q Design",
    "norm_stats": {
        "media": -0.0001256088144145906,
        "std": 0.1829567849636078
    }
}