{
    "model_type": "Easy Attention Transformer",
    "input_dim": 1,
    "seq_len": 300,
    "pred_len": 50,
    "d_model": 64,
    "num_heads": 8,
    "learning_rate": 0.0001,
    "epochs_planned": 150,
    "peso_gradiente": 0.1,
    "dropout_rate": 0.1,
    "best_val_loss": 0.23089621959415746,
    "salto_ventana_deslizante": 50,
    "train_time_seconds": 2393.622756242752,
    "train_time_minutes": 39.89371260404587,
    "date_time": "2026-05-25 12:30:54",
    "linea_idy": 2,
    "num_train_samples": 447768,
    "num_val_samples": 112104,
    "gpu_name": "NVIDIA H200 NVL",
    "norm_stats": {
        "media": 0.00044664560118690133,
        "std": 0.18304048478603363
    }
}